text,game,sentiment
"The pity system is really helpful and makes pulling less stressful.",Genshin Impact,Positive
"The banner rates feel terrible and I spent far too many wishes.",Genshin Impact,Negative
"I saved enough primogems for the next character.",Genshin Impact,Neutral
"I actually like the pity system because I know when I am guaranteed.",Honkai: Star Rail,Positive
"The cost of pulls is ridiculous for free to play players.",Honkai: Star Rail,Negative
"The new banner starts next week.",Honkai: Star Rail,Neutral
"The pity system makes the banner feel much fairer.",Zenless Zone Zero,Positive
"I hate how expensive the pulls are.",Zenless Zone Zero,Negative
"I am waiting to see the next banner before spending.",Zenless Zone Zero,Neutral
